--
-- PostgreSQL database dump
--

-- Dumped from database version 10.1
-- Dumped by pg_dump version 10.1

SET statement_timeout = 0;
SET lock_timeout = 0;
SET idle_in_transaction_session_timeout = 0;
SET client_encoding = 'UTF8';
SET standard_conforming_strings = on;
SET check_function_bodies = false;
SET client_min_messages = warning;
SET row_security = off;

--
-- Name: plpgsql; Type: EXTENSION; Schema: -; Owner: 
--

CREATE EXTENSION IF NOT EXISTS plpgsql WITH SCHEMA pg_catalog;


--
-- Name: EXTENSION plpgsql; Type: COMMENT; Schema: -; Owner: 
--

COMMENT ON EXTENSION plpgsql IS 'PL/pgSQL procedural language';


SET search_path = public, pg_catalog;

SET default_tablespace = '';

SET default_with_oids = false;

--
-- Name: project_params; Type: TABLE; Schema: public; Owner: postgres
--

CREATE TABLE project_params (
    id integer NOT NULL,
    tui double precision NOT NULL,
    tuo double precision NOT NULL,
    tgi double precision NOT NULL,
    tgo double precision NOT NULL,
    gu double precision NOT NULL,
    gg double precision NOT NULL,
    pi double precision NOT NULL,
    pu double precision NOT NULL,
    pg double precision NOT NULL,
    project_id integer NOT NULL,
    "time" text NOT NULL,
    hot boolean NOT NULL
);


ALTER TABLE project_params OWNER TO postgres;

--
-- Name: project_params_id_seq; Type: SEQUENCE; Schema: public; Owner: postgres
--

CREATE SEQUENCE project_params_id_seq
    AS integer
    START WITH 1
    INCREMENT BY 1
    NO MINVALUE
    NO MAXVALUE
    CACHE 1;


ALTER TABLE project_params_id_seq OWNER TO postgres;

--
-- Name: project_params_id_seq; Type: SEQUENCE OWNED BY; Schema: public; Owner: postgres
--

ALTER SEQUENCE project_params_id_seq OWNED BY project_params.id;


--
-- Name: projects; Type: TABLE; Schema: public; Owner: postgres
--

CREATE TABLE projects (
    id integer NOT NULL,
    area double precision NOT NULL,
    "position" text NOT NULL,
    type text NOT NULL,
    begin_time text NOT NULL,
    project_name text NOT NULL
);


ALTER TABLE projects OWNER TO postgres;

--
-- Name: projects_id_seq; Type: SEQUENCE; Schema: public; Owner: postgres
--

CREATE SEQUENCE projects_id_seq
    AS integer
    START WITH 1
    INCREMENT BY 1
    NO MINVALUE
    NO MAXVALUE
    CACHE 1;


ALTER TABLE projects_id_seq OWNER TO postgres;

--
-- Name: projects_id_seq; Type: SEQUENCE OWNED BY; Schema: public; Owner: postgres
--

ALTER SEQUENCE projects_id_seq OWNED BY projects.id;


--
-- Name: projects_params; Type: TABLE; Schema: public; Owner: postgres
--

CREATE TABLE projects_params (
    id integer NOT NULL,
    tui double precision NOT NULL,
    tuo double precision NOT NULL,
    tgi double precision NOT NULL,
    tgo double precision NOT NULL,
    gu double precision NOT NULL,
    gg double precision NOT NULL,
    pi double precision NOT NULL,
    pu double precision NOT NULL,
    pg double precision NOT NULL,
    hot boolean NOT NULL,
    project_id integer
);


ALTER TABLE projects_params OWNER TO postgres;

--
-- Name: projects_params_id_seq; Type: SEQUENCE; Schema: public; Owner: postgres
--

CREATE SEQUENCE projects_params_id_seq
    AS integer
    START WITH 1
    INCREMENT BY 1
    NO MINVALUE
    NO MAXVALUE
    CACHE 1;


ALTER TABLE projects_params_id_seq OWNER TO postgres;

--
-- Name: projects_params_id_seq; Type: SEQUENCE OWNED BY; Schema: public; Owner: postgres
--

ALTER SEQUENCE projects_params_id_seq OWNED BY projects_params.id;


--
-- Name: users; Type: TABLE; Schema: public; Owner: postgres
--

CREATE TABLE users (
    id integer NOT NULL,
    username text NOT NULL,
    password text NOT NULL,
    user_id text
);


ALTER TABLE users OWNER TO postgres;

--
-- Name: user_id_seq; Type: SEQUENCE; Schema: public; Owner: postgres
--

CREATE SEQUENCE user_id_seq
    AS integer
    START WITH 1
    INCREMENT BY 1
    NO MINVALUE
    NO MAXVALUE
    CACHE 1;


ALTER TABLE user_id_seq OWNER TO postgres;

--
-- Name: user_id_seq; Type: SEQUENCE OWNED BY; Schema: public; Owner: postgres
--

ALTER SEQUENCE user_id_seq OWNED BY users.id;


--
-- Name: project_params id; Type: DEFAULT; Schema: public; Owner: postgres
--

ALTER TABLE ONLY project_params ALTER COLUMN id SET DEFAULT nextval('project_params_id_seq'::regclass);


--
-- Name: projects id; Type: DEFAULT; Schema: public; Owner: postgres
--

ALTER TABLE ONLY projects ALTER COLUMN id SET DEFAULT nextval('projects_id_seq'::regclass);


--
-- Name: projects_params id; Type: DEFAULT; Schema: public; Owner: postgres
--

ALTER TABLE ONLY projects_params ALTER COLUMN id SET DEFAULT nextval('projects_params_id_seq'::regclass);


--
-- Name: users id; Type: DEFAULT; Schema: public; Owner: postgres
--

ALTER TABLE ONLY users ALTER COLUMN id SET DEFAULT nextval('user_id_seq'::regclass);


--
-- Data for Name: project_params; Type: TABLE DATA; Schema: public; Owner: postgres
--

COPY project_params (id, tui, tuo, tgi, tgo, gu, gg, pi, pu, pg, project_id, "time", hot) FROM stdin;
9	34.5	35.3999999999999986	4.79999999999999982	5.59999999999999964	45.2000000000000028	42.5	556.200000000000045	582.600000000000023	843.399999999999977	32	Fri Jan 01 2010 00:00:00 GMT+0800 (CST)	t
10	34.2000000000000028	35.3999999999999986	4.90000000000000036	5.29999999999999982	46.2999999999999972	41.2000000000000028	557.299999999999955	593.200000000000045	876.299999999999955	32	Fri Jan 01 2010 00:00:00 GMT+0800 (CST)	t
11	34.6000000000000014	35.5	5.09999999999999964	4.59999999999999964	44.5	41.8999999999999986	568.200000000000045	562.200000000000045	876.200000000000045	32	Fri Jan 01 2010 00:00:00 GMT+0800 (CST)	t
12	32.5	30.3999999999999986	2.79999999999999982	3.60000000000000009	41.2000000000000028	46.5	536.200000000000045	522.600000000000023	743.399999999999977	32	Fri Jan 01 2010 00:00:00 GMT+0800 (CST)	f
13	32.2000000000000028	30.3999999999999986	2.89999999999999991	3.29999999999999982	43.2999999999999972	45.2000000000000028	537.299999999999955	513.200000000000045	776.299999999999955	32	Fri Jan 01 2010 00:00:00 GMT+0800 (CST)	f
14	32.6000000000000014	32.5	3.10000000000000009	3.60000000000000009	42.5	44.8999999999999986	528.200000000000045	522.200000000000045	876.200000000000045	32	Fri Jan 01 2010 00:00:00 GMT+0800 (CST)	f
15	34.5	35.3999999999999986	4.79999999999999982	5.59999999999999964	45.2000000000000028	42.5	556.200000000000045	582.600000000000023	843.399999999999977	33	Sat Jan 01 2011 00:00:00 GMT+0800 (CST)	t
16	34.2000000000000028	35.3999999999999986	4.90000000000000036	5.29999999999999982	46.2999999999999972	41.2000000000000028	557.299999999999955	593.200000000000045	876.299999999999955	33	Sat Jan 01 2011 00:00:00 GMT+0800 (CST)	t
17	34.6000000000000014	35.5	5.09999999999999964	4.59999999999999964	44.5	41.8999999999999986	568.200000000000045	562.200000000000045	876.200000000000045	33	Sat Jan 01 2011 00:00:00 GMT+0800 (CST)	t
18	32.5	30.3999999999999986	2.79999999999999982	3.60000000000000009	41.2000000000000028	46.5	536.200000000000045	522.600000000000023	743.399999999999977	33	Sat Jan 01 2011 00:00:00 GMT+0800 (CST)	f
19	32.2000000000000028	30.3999999999999986	2.89999999999999991	3.29999999999999982	43.2999999999999972	45.2000000000000028	537.299999999999955	513.200000000000045	776.299999999999955	33	Sat Jan 01 2011 00:00:00 GMT+0800 (CST)	f
20	32.6000000000000014	32.5	3.10000000000000009	3.60000000000000009	42.5	44.8999999999999986	528.200000000000045	522.200000000000045	876.200000000000045	33	Sat Jan 01 2011 00:00:00 GMT+0800 (CST)	f
21	34.5	35.3999999999999986	4.79999999999999982	5.59999999999999964	45.2000000000000028	42.5	556.200000000000045	582.600000000000023	843.399999999999977	34	Sun Jan 01 2012 00:00:00 GMT+0800 (CST)	t
22	34.2000000000000028	35.3999999999999986	4.90000000000000036	5.29999999999999982	46.2999999999999972	41.2000000000000028	557.299999999999955	593.200000000000045	876.299999999999955	34	Sun Jan 01 2012 00:00:00 GMT+0800 (CST)	t
23	34.6000000000000014	35.5	5.09999999999999964	4.59999999999999964	44.5	41.8999999999999986	568.200000000000045	562.200000000000045	876.200000000000045	34	Sun Jan 01 2012 00:00:00 GMT+0800 (CST)	t
24	32.5	30.3999999999999986	2.79999999999999982	3.60000000000000009	41.2000000000000028	46.5	536.200000000000045	522.600000000000023	743.399999999999977	34	Sat Jan 01 2011 00:00:00 GMT+0800 (CST)	f
25	32.2000000000000028	30.3999999999999986	2.89999999999999991	3.29999999999999982	43.2999999999999972	45.2000000000000028	537.299999999999955	513.200000000000045	776.299999999999955	34	Sat Jan 01 2011 00:00:00 GMT+0800 (CST)	f
26	32.6000000000000014	32.5	3.10000000000000009	3.60000000000000009	42.5	44.8999999999999986	528.200000000000045	522.200000000000045	876.200000000000045	34	Sat Jan 01 2011 00:00:00 GMT+0800 (CST)	f
27	34.5	35.3999999999999986	4.79999999999999982	5.59999999999999964	45.2000000000000028	42.5	556.200000000000045	582.600000000000023	843.399999999999977	35	Tue Jan 01 2013 00:00:00 GMT+0800 (CST)	t
28	34.2000000000000028	35.3999999999999986	4.90000000000000036	5.29999999999999982	46.2999999999999972	41.2000000000000028	557.299999999999955	593.200000000000045	876.299999999999955	35	Tue Jan 01 2013 00:00:00 GMT+0800 (CST)	t
29	34.6000000000000014	35.5	5.09999999999999964	4.59999999999999964	44.5	41.8999999999999986	568.200000000000045	562.200000000000045	876.200000000000045	35	Tue Jan 01 2013 00:00:00 GMT+0800 (CST)	t
30	32.5	30.3999999999999986	2.79999999999999982	3.60000000000000009	41.2000000000000028	46.5	536.200000000000045	522.600000000000023	743.399999999999977	35	Sun Jan 01 2012 00:00:00 GMT+0800 (CST)	f
31	32.2000000000000028	30.3999999999999986	2.89999999999999991	3.29999999999999982	43.2999999999999972	45.2000000000000028	537.299999999999955	513.200000000000045	776.299999999999955	35	Sun Jan 01 2012 00:00:00 GMT+0800 (CST)	f
32	32.6000000000000014	32.5	3.10000000000000009	3.60000000000000009	42.5	44.8999999999999986	528.200000000000045	522.200000000000045	876.200000000000045	35	Sun Jan 01 2012 00:00:00 GMT+0800 (CST)	f
33	34.5	35.3999999999999986	4.79999999999999982	5.59999999999999964	45.2000000000000028	42.5	556.200000000000045	582.600000000000023	843.399999999999977	36	Tue Jan 01 2013 00:00:00 GMT+0800 (CST)	t
34	34.2000000000000028	35.3999999999999986	4.90000000000000036	5.29999999999999982	46.2999999999999972	41.2000000000000028	557.299999999999955	593.200000000000045	876.299999999999955	36	Tue Jan 01 2013 00:00:00 GMT+0800 (CST)	t
35	34.6000000000000014	35.5	5.09999999999999964	4.59999999999999964	44.5	41.8999999999999986	568.200000000000045	562.200000000000045	876.200000000000045	36	Tue Jan 01 2013 00:00:00 GMT+0800 (CST)	t
36	32.5	30.3999999999999986	2.79999999999999982	3.60000000000000009	41.2000000000000028	46.5	536.200000000000045	522.600000000000023	743.399999999999977	36	Sun Jan 01 2012 00:00:00 GMT+0800 (CST)	f
37	32.2000000000000028	30.3999999999999986	2.89999999999999991	3.29999999999999982	43.2999999999999972	45.2000000000000028	537.299999999999955	513.200000000000045	776.299999999999955	36	Sun Jan 01 2012 00:00:00 GMT+0800 (CST)	f
38	32.6000000000000014	32.5	3.10000000000000009	3.60000000000000009	42.5	44.8999999999999986	528.200000000000045	522.200000000000045	876.200000000000045	36	Sun Jan 01 2012 00:00:00 GMT+0800 (CST)	f
39	34.5	35.3999999999999986	4.79999999999999982	5.59999999999999964	45.2000000000000028	42.5	556.200000000000045	582.600000000000023	843.399999999999977	37	Tue Jan 01 2013 00:00:00 GMT+0800 (CST)	t
41	34.2000000000000028	35.3999999999999986	4.90000000000000036	5.29999999999999982	46.2999999999999972	41.2000000000000028	557.299999999999955	593.200000000000045	876.299999999999955	37	Tue Jan 01 2013 00:00:00 GMT+0800 (CST)	t
42	34.6000000000000014	35.5	5.09999999999999964	4.59999999999999964	44.5	41.8999999999999986	568.200000000000045	562.200000000000045	876.200000000000045	37	Tue Jan 01 2013 00:00:00 GMT+0800 (CST)	t
40	32.5	30.3999999999999986	2.79999999999999982	3.60000000000000009	41.2000000000000028	46.5	536.200000000000045	522.600000000000023	743.399999999999977	37	Sun Jan 01 2012 00:00:00 GMT+0800 (CST)	f
43	32.2000000000000028	30.3999999999999986	2.89999999999999991	3.29999999999999982	43.2999999999999972	45.2000000000000028	537.299999999999955	513.200000000000045	776.299999999999955	37	Sun Jan 01 2012 00:00:00 GMT+0800 (CST)	f
44	32.6000000000000014	32.5	3.10000000000000009	3.60000000000000009	42.5	44.8999999999999986	528.200000000000045	522.200000000000045	876.200000000000045	37	Sun Jan 01 2012 00:00:00 GMT+0800 (CST)	f
45	34.5	35.3999999999999986	4.79999999999999982	5.59999999999999964	45.2000000000000028	42.5	556.200000000000045	582.600000000000023	843.399999999999977	38	Tue Jan 01 2013 00:00:00 GMT+0800 (CST)	t
46	34.2000000000000028	35.3999999999999986	4.90000000000000036	5.29999999999999982	46.2999999999999972	41.2000000000000028	557.299999999999955	593.200000000000045	876.299999999999955	38	Tue Jan 01 2013 00:00:00 GMT+0800 (CST)	t
47	34.6000000000000014	35.5	5.09999999999999964	4.59999999999999964	44.5	41.8999999999999986	568.200000000000045	562.200000000000045	876.200000000000045	38	Tue Jan 01 2013 00:00:00 GMT+0800 (CST)	t
48	32.5	30.3999999999999986	2.79999999999999982	3.60000000000000009	41.2000000000000028	46.5	536.200000000000045	522.600000000000023	743.399999999999977	38	Sun Jan 01 2012 00:00:00 GMT+0800 (CST)	f
49	32.2000000000000028	30.3999999999999986	2.89999999999999991	3.29999999999999982	43.2999999999999972	45.2000000000000028	537.299999999999955	513.200000000000045	776.299999999999955	38	Sun Jan 01 2012 00:00:00 GMT+0800 (CST)	f
50	32.6000000000000014	32.5	3.10000000000000009	3.60000000000000009	42.5	44.8999999999999986	528.200000000000045	522.200000000000045	876.200000000000045	38	Sun Jan 01 2012 00:00:00 GMT+0800 (CST)	f
51	34.5	35.3999999999999986	4.79999999999999982	5.59999999999999964	45.2000000000000028	42.5	556.200000000000045	582.600000000000023	843.399999999999977	39	Tue Jan 01 2013 00:00:00 GMT+0800 (CST)	t
52	34.2000000000000028	35.3999999999999986	4.90000000000000036	5.29999999999999982	46.2999999999999972	41.2000000000000028	557.299999999999955	593.200000000000045	876.299999999999955	39	Tue Jan 01 2013 00:00:00 GMT+0800 (CST)	t
53	34.6000000000000014	35.5	5.09999999999999964	4.59999999999999964	44.5	41.8999999999999986	568.200000000000045	562.200000000000045	876.200000000000045	39	Tue Jan 01 2013 00:00:00 GMT+0800 (CST)	t
54	32.5	30.3999999999999986	2.79999999999999982	3.60000000000000009	41.2000000000000028	46.5	536.200000000000045	522.600000000000023	743.399999999999977	39	Fri Jan 01 2016 00:00:00 GMT+0800 (CST)	f
55	32.2000000000000028	30.3999999999999986	2.89999999999999991	3.29999999999999982	43.2999999999999972	45.2000000000000028	537.299999999999955	513.200000000000045	776.299999999999955	39	Fri Jan 01 2016 00:00:00 GMT+0800 (CST)	f
56	32.6000000000000014	32.5	3.10000000000000009	3.60000000000000009	42.5	44.8999999999999986	528.200000000000045	522.200000000000045	876.200000000000045	39	Fri Jan 01 2016 00:00:00 GMT+0800 (CST)	f
57	34.5	35.3999999999999986	4.79999999999999982	5.59999999999999964	45.2000000000000028	42.5	556.200000000000045	582.600000000000023	843.399999999999977	40	Thu Jan 01 2015 00:00:00 GMT+0800 (CST)	t
58	34.2000000000000028	35.3999999999999986	4.90000000000000036	5.29999999999999982	46.2999999999999972	41.2000000000000028	557.299999999999955	593.200000000000045	876.299999999999955	40	Thu Jan 01 2015 00:00:00 GMT+0800 (CST)	t
59	34.6000000000000014	35.5	5.09999999999999964	4.59999999999999964	44.5	41.8999999999999986	568.200000000000045	562.200000000000045	876.200000000000045	40	Thu Jan 01 2015 00:00:00 GMT+0800 (CST)	t
60	32.5	30.3999999999999986	2.79999999999999982	3.60000000000000009	41.2000000000000028	46.5	536.200000000000045	522.600000000000023	743.399999999999977	40	Fri Jan 01 2016 00:00:00 GMT+0800 (CST)	f
61	32.2000000000000028	30.3999999999999986	2.89999999999999991	3.29999999999999982	43.2999999999999972	45.2000000000000028	537.299999999999955	513.200000000000045	776.299999999999955	40	Fri Jan 01 2016 00:00:00 GMT+0800 (CST)	f
62	32.6000000000000014	32.5	3.10000000000000009	3.60000000000000009	42.5	44.8999999999999986	528.200000000000045	522.200000000000045	876.200000000000045	40	Fri Jan 01 2016 00:00:00 GMT+0800 (CST)	f
\.


--
-- Data for Name: projects; Type: TABLE DATA; Schema: public; Owner: postgres
--

COPY projects (id, area, "position", type, begin_time, project_name) FROM stdin;
32	32.3999999999999986	成都	f	Wed Jan 03 2018 00:00:00 GMT+0800 (CST)	project4
33	45.2000000000000028	上海	a	Tue Dec 05 2017 00:00:00 GMT+0800 (CST)	project4s
34	45.7999999999999972	北京	b	Mon Dec 11 2017 00:00:00 GMT+0800 (CST)	project5
35	85.7999999999999972	北京	c	Fri Dec 01 2017 00:00:00 GMT+0800 (CST)	project5s
36	85.4000000000000057	合肥	c	Mon Dec 04 2017 00:00:00 GMT+0800 (CST)	project6
37	74.4000000000000057	武汉	d	Tue Dec 12 2017 00:00:00 GMT+0800 (CST)	project6s
38	74.7999999999999972	武汉	d	Mon Dec 18 2017 00:00:00 GMT+0800 (CST)	project7
39	74.7999999999999972	西藏	e	Mon Dec 18 2017 00:00:00 GMT+0800 (CST)	project8
40	54.7999999999999972	苏州	f	Mon Dec 18 2017 00:00:00 GMT+0800 (CST)	projectx
\.


--
-- Data for Name: projects_params; Type: TABLE DATA; Schema: public; Owner: postgres
--

COPY projects_params (id, tui, tuo, tgi, tgo, gu, gg, pi, pu, pg, hot, project_id) FROM stdin;
19	34.4333333333333371	35.43333333333333	4.93333333333333268	5.16666666666666607	45.3333333333333357	41.8666666666666671	560.56666666666672	579.333333333333371	865.299999999999841	t	32
20	32.4333333333333371	31.0999999999999979	2.93333333333333313	3.5	42.3333333333333357	45.5333333333333314	533.899999999999977	519.333333333333371	798.633333333333212	f	32
21	34.4333333333333371	35.43333333333333	4.93333333333333268	5.16666666666666607	45.3333333333333357	41.8666666666666671	560.56666666666672	579.333333333333371	865.299999999999841	t	33
22	32.4333333333333371	31.0999999999999979	2.93333333333333313	3.5	42.3333333333333357	45.5333333333333314	533.899999999999977	519.333333333333371	798.633333333333212	f	33
23	34.4333333333333371	35.43333333333333	4.93333333333333268	5.16666666666666607	45.3333333333333357	41.8666666666666671	560.56666666666672	579.333333333333371	865.299999999999841	t	34
24	32.4333333333333371	31.0999999999999979	2.93333333333333313	3.5	42.3333333333333357	45.5333333333333314	533.899999999999977	519.333333333333371	798.633333333333212	f	34
25	34.4333333333333371	35.43333333333333	4.93333333333333268	5.16666666666666607	45.3333333333333357	41.8666666666666671	560.56666666666672	579.333333333333371	865.299999999999841	t	35
26	32.4333333333333371	31.0999999999999979	2.93333333333333313	3.5	42.3333333333333357	45.5333333333333314	533.899999999999977	519.333333333333371	798.633333333333212	f	35
27	34.4333333333333371	35.43333333333333	4.93333333333333268	5.16666666666666607	45.3333333333333357	41.8666666666666671	560.56666666666672	579.333333333333371	865.299999999999841	t	36
28	32.4333333333333371	31.0999999999999979	2.93333333333333313	3.5	42.3333333333333357	45.5333333333333314	533.899999999999977	519.333333333333371	798.633333333333212	f	36
29	34.4333333333333371	35.43333333333333	4.93333333333333268	5.16666666666666607	45.3333333333333357	41.8666666666666671	560.56666666666672	579.333333333333371	865.299999999999841	t	37
30	32.4333333333333371	31.0999999999999979	2.93333333333333313	3.5	42.3333333333333357	45.5333333333333314	533.899999999999977	519.333333333333371	798.633333333333212	f	37
31	34.4333333333333371	35.43333333333333	4.93333333333333268	5.16666666666666607	45.3333333333333357	41.8666666666666671	560.56666666666672	579.333333333333371	865.299999999999841	t	38
32	32.4333333333333371	31.0999999999999979	2.93333333333333313	3.5	42.3333333333333357	45.5333333333333314	533.899999999999977	519.333333333333371	798.633333333333212	f	38
33	34.4333333333333371	35.43333333333333	4.93333333333333268	5.16666666666666607	45.3333333333333357	41.8666666666666671	560.56666666666672	579.333333333333371	865.299999999999841	t	39
34	32.4333333333333371	31.0999999999999979	2.93333333333333313	3.5	42.3333333333333357	45.5333333333333314	533.899999999999977	519.333333333333371	798.633333333333212	f	39
35	34.4333333333333371	35.43333333333333	4.93333333333333268	5.16666666666666607	45.3333333333333357	41.8666666666666671	560.56666666666672	579.333333333333371	865.299999999999841	t	40
36	32.4333333333333371	31.0999999999999979	2.93333333333333313	3.5	42.3333333333333357	45.5333333333333314	533.899999999999977	519.333333333333371	798.633333333333212	f	40
\.


--
-- Data for Name: users; Type: TABLE DATA; Schema: public; Owner: postgres
--

COPY users (id, username, password, user_id) FROM stdin;
1	postgres	postgres	\N
2	dym	dym	\N
\.


--
-- Name: project_params_id_seq; Type: SEQUENCE SET; Schema: public; Owner: postgres
--

SELECT pg_catalog.setval('project_params_id_seq', 62, true);


--
-- Name: projects_id_seq; Type: SEQUENCE SET; Schema: public; Owner: postgres
--

SELECT pg_catalog.setval('projects_id_seq', 40, true);


--
-- Name: projects_params_id_seq; Type: SEQUENCE SET; Schema: public; Owner: postgres
--

SELECT pg_catalog.setval('projects_params_id_seq', 36, true);


--
-- Name: user_id_seq; Type: SEQUENCE SET; Schema: public; Owner: postgres
--

SELECT pg_catalog.setval('user_id_seq', 2, true);


--
-- Name: project_params project_params_pkey; Type: CONSTRAINT; Schema: public; Owner: postgres
--

ALTER TABLE ONLY project_params
    ADD CONSTRAINT project_params_pkey PRIMARY KEY (id);


--
-- Name: projects_params projects_params_pkey; Type: CONSTRAINT; Schema: public; Owner: postgres
--

ALTER TABLE ONLY projects_params
    ADD CONSTRAINT projects_params_pkey PRIMARY KEY (id);


--
-- Name: projects projects_pkey; Type: CONSTRAINT; Schema: public; Owner: postgres
--

ALTER TABLE ONLY projects
    ADD CONSTRAINT projects_pkey PRIMARY KEY (id);


--
-- Name: users user_pkey; Type: CONSTRAINT; Schema: public; Owner: postgres
--

ALTER TABLE ONLY users
    ADD CONSTRAINT user_pkey PRIMARY KEY (id);


--
-- Name: users user_username_key; Type: CONSTRAINT; Schema: public; Owner: postgres
--

ALTER TABLE ONLY users
    ADD CONSTRAINT user_username_key UNIQUE (username);


--
-- Name: users users_user_id_key; Type: CONSTRAINT; Schema: public; Owner: postgres
--

ALTER TABLE ONLY users
    ADD CONSTRAINT users_user_id_key UNIQUE (user_id);


--
-- Name: project_params project_params_project_id_fkey; Type: FK CONSTRAINT; Schema: public; Owner: postgres
--

ALTER TABLE ONLY project_params
    ADD CONSTRAINT project_params_project_id_fkey FOREIGN KEY (project_id) REFERENCES projects(id);


--
-- Name: projects_params projects_params_project_id_fkey; Type: FK CONSTRAINT; Schema: public; Owner: postgres
--

ALTER TABLE ONLY projects_params
    ADD CONSTRAINT projects_params_project_id_fkey FOREIGN KEY (project_id) REFERENCES projects(id);


--
-- PostgreSQL database dump complete
--

